﻿<?xml version="1.0" encoding="utf-8"?>
<key id="f56dd464-89eb-49c6-b3f2-914075d13bd1" version="1">
  <creationDate>2023-01-10T17:03:58.4668492Z</creationDate>
  <activationDate>2023-01-10T17:03:58.4072711Z</activationDate>
  <expirationDate>2023-04-10T17:03:58.4072711Z</expirationDate>
  <descriptor deserializerType="Microsoft.AspNetCore.DataProtection.AuthenticatedEncryption.ConfigurationModel.AuthenticatedEncryptorDescriptorDeserializer, Microsoft.AspNetCore.DataProtection, Version=6.0.0.0, Culture=neutral, PublicKeyToken=adb9793829ddae60">
    <descriptor>
      <encryption algorithm="AES_256_CBC" />
      <validation algorithm="HMACSHA256" />
      <masterKey p4:requiresEncryption="true" xmlns:p4="http://schemas.asp.net/2015/03/dataProtection">
        <!-- Warning: the key below is in an unencrypted form. -->
        <value>W3WV2mvk2lw6JynuMoHJPHjsOjWceSOqoydvNmn9vfX9w1XTb4JZhzCvd/hEh0jJ89RWF6CqHGWCvkBoq2kSNA==</value>
      </masterKey>
    </descriptor>
  </descriptor>
</key>